{
  "metrics": {
    "nodes": 10000,
    "edges": 125225,
    "assortativity": -0.0423365702616904,
    "avg_clustering": 0.02753911966110175,
    "degree_slope_abs": 3.998330010698603
  },
  "ok": false,
  "messages": [
    "assortativity -0.0423365702616904 not in [0.18, 0.32]",
    "degree_slope_abs 3.998330010698603 not in [2.2, 2.6]"
  ]
}